Unit Number,CategoryType,Length,Width,Height,Floor
AOS,Parking,15,10,0,1
BOS,Parking,15,10,0,1
COS,Parking,15,10,0,1
DOS,Parking,15,10,0,1
EOS,Parking,15,10,0,1
FOS,Parking,15,10,0,1
GOS,Parking,15,10,0,1
HOS,Parking,20,10,0,1
IOS,Parking,20,10,0,1
JOS,Parking,20,10,0,1
KOS,Parking,20,10,0,1
LOS,Parking,20,10,0,1
MOS,Parking,20,10,0,1
NOS,Parking,25,10,0,1
OOS,Parking,25,10,0,1
POS,Parking,25,11,0,1
SOS,Parking,40,10,0,1
TOS,Parking,25,11,0,1
UOS,Parking,25,11,0,1
VOS,Parking,35,10,0,1
WOS,Parking,35,10,0,1
XOS,Parking,40,10,0,1
YOS,Parking,40,10,0,1
ZOS,Parking,35,10,0,1
A10,Storage,10,11,0,1
A11,Storage,10,11,0,1
A12,Storage,10,11,0,1
A13,Storage,10,10,0,1
A14,Storage,10,10,0,1
A15,Storage,10,10,0,1
A16,Storage,10,10,0,1
A17,Storage,10,10,0,1
A18,Storage,10,5,0,1
A19,Storage,10,5,0,1
A20,Storage,10,5,0,1
A21,Storage,10,5,0,1
A22,Storage,10,5,0,1
A23,Storage,10,5,0,1
A24,Storage,10,11,0,1
A25,Storage,10,5,0,1
A26,Storage,10,5,0,1
A27,Storage,10,5,0,1
A28,Storage,10,5,0,1
A29,Storage,10,5,0,1
A30,Storage,10,5,0,1
A31,Storage,10,5,0,1
A32,Storage,10,5,0,1
A33,Storage,10,5,0,1
A34,Storage,5,5,0,1
A35,Storage,5,5,0,1
A36,Storage,5,5,0,1
A37,Storage,5,5,0,1
A38,Storage,10,10,0,1
A39,Storage,10,10,0,1
A40,Storage,10,11,0,1
A41,Storage,10,11,0,1
A42,Storage,10,11,0,1
D10,Storage,10,5,0,1
D11,Storage,10,10,0,1
D12,Storage,10,10,0,1
D13,Storage,5,5,0,1
D14,Storage,5,5,0,1
D15,Storage,5,5,0,1
D16,Storage,5,5,0,1
D17,Storage,10,5,0,1
D18,Storage,10,5,0,1
D19,Storage,10,5,0,1
D20,Storage,10,5,0,1
D21,Storage,10,5,0,1
D22,Storage,10,5,0,1
D23,Storage,10,5,0,1
D24,Storage,10,5,0,1
D25,Storage,10,5,0,1
D26,Storage,10,5,0,1
D27,Storage,10,10,0,1
D28,Storage,10,10,0,1
D29,Storage,10,10,0,1
D30,Storage,10,5,0,1
D31,Storage,10,10,0,1
D32,Storage,10,10,0,1
D33,Storage,10,10,0,1
D34,Storage,10,10,0,1
D35,Storage,10,5,0,1
D36,Storage,10,5,0,1
D37,Storage,10,5,0,1
D38,Storage,10,5,0,1
D39,Storage,10,5,0,1
D40,Storage,10,5,0,1
D41,Storage,10,5,0,1
D42,Storage,10,5,0,1
D44,Storage,10,5,0,1
D46,Storage,10,5,0,1
D47,Storage,10,10,0,1
D48,Storage,10,10,0,1
D49,Storage,10,10,0,1
N1,Parking,40,11,0,1
N2,Parking,40,11,0,1
N3,Parking,40,11,0,1
N4,Parking,40,11,0,1
N5,Parking,40,11,0,1
N6,Parking,40,11,0,1
N7,Parking,40,11,0,1
P2,Parking,35,10,0,1
100,Storage,10,11,0,1
101,Storage,10,11,0,1
102,Storage,10,11,0,1
103,Storage,10,10,0,1
104,Storage,10,10,0,1
105,Storage,10,10,0,1
106,Storage,10,10,0,1
107,Storage,10,10,0,1
108,Storage,10,10,0,1
109,Storage,10,10,0,1
110,Storage,10,10,0,1
111,Storage,10,11,0,1
112,Storage,20,11,0,1
114,Storage,15,11,0,1
115,Storage,15,11,0,1
116,Storage,45,11,0,1
120,Storage,30,11,0,1
121,Storage,30,11,0,1
122,Storage,45,11,0,1
123,Storage,25,11,0,1
124,Storage,10,5,0,1
125,Storage,10,10,0,1
126,Storage,10,10,0,1
127,Storage,10,10,0,1
128,Storage,10,10,0,1
129,Storage,15,10,0,1
130,Storage,15,10,0,1
131,Storage,10,10,0,1
132,Storage,10,10,0,1
133,Storage,10,11,0,1
134,Storage,10,11,0,1
135,Storage,10,11,0,1
136,Storage,5,5,0,1
137,Storage,5,5,0,1
138,Storage,5,5,0,1
139,Storage,5,5,0,1
140,Storage,5,15,0,1
143,Storage,5,5,0,1
200,Storage,30,11,0,1
201,Storage,30,11,0,1
202,Storage,15,11,0,1
203,Storage,15,11,0,1
204,Storage,15,11,0,1
205,Storage,15,11,0,1
206,Storage,15,11,0,1
207,Storage,15,11,0,1
208,Storage,15,10,0,1
209,Storage,15,10,0,1
210,Storage,15,10,0,1
211,Storage,15,5,0,1
212,Storage,10,5,0,1
213,Storage,10,5,0,1
214,Storage,10,5,0,1
215,Storage,10,5,0,1
216,Storage,10,5,0,1
217,Storage,10,5,0,1
218,Storage,10,10,0,1
219,Storage,10,10,0,1
220,Storage,10,10,0,1
221,Storage,10,10,0,1
222,Storage,10,10,0,1
223,Storage,30,11,0,1
224,Storage,30,11,0,1
227,Storage,20,10,0,1
228,Storage,20,10,0,1
229,Storage,20,10,0,1
230,Storage,20,10,0,1
231,Storage,20,10,0,1
232,Storage,20,10,0,1
233,Storage,20,10,0,1
234,Storage,20,10,0,1
235,Storage,15,5,0,1
236,Storage,15,5,0,1
237,Storage,15,5,0,1
238,Storage,15,10,0,1
239,Storage,15,10,0,1
240,Storage,15,11,0,1
241,Storage,15,11,0,1
242,Storage,15,11,0,1
243,Storage,15,11,0,1
244,Storage,15,11,0,1
245,Storage,15,11,0,1
248,Storage,5,5,0,1
249,Storage,5,5,0,1
250,Storage,5,5,0,1
251,Storage,5,5,0,1
252,Storage,5,5,0,1
253,Storage,5,5,0,1
300,Storage,15,11,0,1
301,Storage,30,11,0,1
302,Storage,20,11,0,1
303,Storage,20,11,0,1
304,Storage,20,11,0,1
305,Storage,20,11,0,1
306,Storage,10,11,0,1
307,Storage,10,11,0,1
308,Storage,10,11,0,1
309,Storage,10,11,0,1
310,Storage,5,5,0,1
311,Storage,5,5,0,1
312,Storage,5,5,0,1
313,Storage,5,5,0,1
314,Storage,5,5,0,1
315,Storage,5,5,0,1
316,Storage,10,5,0,1
317,Storage,10,5,0,1
318,Storage,15,11,0,1
319,Storage,15,11,0,1
320,Storage,15,11,0,1
321,Storage,15,11,0,1
322,Storage,15,11,0,1
323,Storage,15,11,0,1
324,Storage,15,11,0,1
325,Storage,30,11,0,1
326,Storage,30,11,0,1
327,Storage,30,11,0,1
331,Storage,15,11,0,1
332,Storage,15,11,0,1
333,Storage,15,11,0,1
334,Storage,15,11,0,1
335,Storage,15,11,0,1
336,Storage,15,11,0,1
337,Storage,15,11,0,1
338,Storage,20,10,0,1
339,Storage,25,10,0,1
340,Storage,25,10,0,1
341,Storage,25,10,0,1
342,Storage,20,11,0,1
343,Storage,20,11,0,1
344,Storage,20,11,0,1
345,Storage,20,11,0,1
346,Storage,10,11,0,1
347,Storage,10,11,0,1
348,Storage,10,11,0,1
349,Storage,10,11,0,1
351,Storage,15,11,0,1
352,Storage,5,5,0,1
353,Storage,5,5,0,1
354,Storage,5,5,0,1
355,Storage,5,5,0,1
356,Storage,5,5,0,1
357,Storage,5,5,0,1
400,Storage,20,11,0,1
401,Storage,15,11,0,1
402,Storage,20,11,0,1
403,Storage,20,11,0,1
404,Storage,20,11,0,1
405,Storage,20,10,0,1
406,Storage,10,5,0,1
407,Storage,10,10,0,1
408,Storage,10,10,0,1
409,Storage,15,10,0,1
410,Storage,15,10,0,1
411,Storage,10,10,0,1
412,Storage,10,10,0,1
413,Storage,10,10,0,1
414,Storage,10,10,0,1
415,Storage,10,5,0,1
416,Storage,10,5,0,1
417,Storage,10,10,0,1
418,Storage,10,10,0,1
419,Storage,10,10,0,1
420,Storage,10,5,0,1
421,Storage,20,11,0,1
422,Storage,20,11,0,1
423,Storage,45,11,0,1
424,Storage,45,11,0,1
425,Storage,45,11,0,1
429,Storage,25,11,0,1
430,Storage,25,11,0,1
432,Storage,10,10,0,1
433,Storage,10,10,0,1
434,Storage,10,10,0,1
435,Storage,10,5,0,1
436,Storage,10,5,0,1
437,Storage,10,10,0,1
438,Storage,10,10,0,1
439,Storage,10,10,0,1
440,Storage,15,10,0,1
441,Storage,15,10,0,1
442,Storage,10,10,0,1
443,Storage,10,10,0,1
444,Storage,10,10,0,1
445,Storage,25,10,0,1
446,Storage,25,11,0,1
447,Storage,25,11,0,1
448,Storage,25,11,0,1
449,Storage,30,11,0,1
450,Storage,25,11,0,1
451,Storage,15,5,0,1
452,Storage,15,5,0,1
453,Storage,15,5,0,1
454,Storage,15,5,0,1
455,Storage,15,5,0,1
456,Storage,15,5,0,1
457,Storage,15,5,0,1
458,Storage,15,5,0,1
459,Storage,15,5,0,1
500,Storage,40,11,0,1
501,Storage,40,11,0,1
502,Storage,15,11,0,1
503,Storage,15,10,0,1
504,Storage,15,10,0,1
505,Storage,15,10,0,1
506,Storage,10,10,0,1
507,Storage,10,10,0,1
508,Storage,10,10,0,1
509,Storage,20,10,0,1
510,Storage,20,10,0,1
511,Storage,20,10,0,1
512,Storage,20,10,0,1
513,Storage,20,10,0,1
514,Storage,20,10,0,1
515,Storage,20,10,0,1
516,Storage,20,10,0,1
517,Storage,15,11,0,1
518,Storage,15,11,0,1
519,Storage,15,11,0,1
520,Storage,30,10,0,1
521,Storage,30,10,0,1
522,Storage,30,11,0,1
523,Storage,40,11,0,1
524,Storage,40,11,0,1
525,Storage,40,11,0,1
526,Storage,10,11,0,1
527,Storage,10,10,0,1
528,Storage,10,10,0,1
529,Storage,25,11,0,1
530,Storage,25,11,0,1
531,Storage,25,11,0,1
532,Storage,20,10,0,1
533,Storage,20,10,0,1
534,Storage,20,10,0,1
535,Storage,20,10,0,1
536,Storage,20,10,0,1
537,Storage,20,10,0,1
538,Storage,20,10,0,1
539,Storage,20,10,0,1
540,Storage,30,10,0,1
541,Storage,30,10,0,1
542,Storage,30,10,0,1
543,Storage,25,10,0,1
544,Storage,25,10,0,1
545,Storage,25,10,0,1
546,Storage,25,11,0,1
600,Storage,30,11,0,1
601,Storage,30,11,0,1
602,Storage,30,11,0,1
603,Storage,10,11,0,1
604,Storage,10,10,0,1
605,Storage,10,10,0,1
606,Storage,10,10,0,1
607,Storage,10,10,0,1
608,Storage,10,10,0,1
609,Storage,15,10,0,1
610,Storage,15,10,0,1
611,Storage,15,10,0,1
612,Storage,15,10,0,1
613,Storage,15,10,0,1
614,Storage,15,10,0,1
615,Storage,10,10,0,1
616,Storage,10,10,0,1
617,Storage,10,10,0,1
618,Storage,10,10,0,1
619,Storage,10,10,0,1
620,Storage,10,11,0,1
621,Storage,10,11,0,1
622,Storage,10,11,0,1
623,Storage,30,11,0,1
624,Storage,30,11,0,1
625,Storage,30,11,0,1
626,Storage,20,11,0,1
627,Storage,20,11,0,1
628,Storage,20,11,0,1
629,Storage,20,10,0,1
630,Storage,20,10,0,1
631,Storage,20,10,0,1
632,Storage,20,10,0,1
633,Storage,20,10,0,1
634,Storage,15,10,0,1
635,Storage,15,10,0,1
636,Storage,15,10,0,1
637,Storage,15,10,0,1
638,Storage,15,10,0,1
639,Storage,15,10,0,1
640,Storage,20,10,0,1
641,Storage,20,10,0,1
642,Storage,20,10,0,1
643,Storage,20,10,0,1
644,Storage,20,10,0,1
645,Storage,20,11,0,1
700,Storage,25,8.5,0,1
701,Storage,25,10,0,1
702,Storage,25,10,0,1
703,Storage,25,10,0,1
704,Storage,25,10,0,1
705,Storage,25,10,0,1
706,Storage,25,10,0,1
707,Storage,25,10,0,1
708,Storage,30,12,0,1
709,Storage,30,12,0,1
710,Storage,30,12,0,1
711,Storage,30,12,0,1
712,Storage,30,12,0,1
713,Storage,30,12,0,1
714,Storage,30,12,0,1
715,Storage,30,12,0,1
800,Storage,10,10,0,1
801,Storage,10,10,0,1
802,Storage,10,10,0,1
803,Storage,10,10,0,1
804,Storage,10,10,0,1
805,Storage,10,10,0,1
806,Storage,10,10,0,1
807,Storage,10,10,0,1
808,Storage,10,10,0,1
809,Storage,10,10,0,1
810,Storage,10,10,0,1
811,Storage,10,10,0,1
812,Storage,10,10,0,1
813,Storage,10,10,0,1
814,Storage,10,10,0,1
815,Storage,10,10,0,1
816,Storage,10,10,0,1
817,Storage,10,10,0,1
818,Storage,10,10,0,1
819,Storage,10,10,0,1
820,Storage,10,10,0,1
821,Storage,10,10,0,1
822,Storage,10,5,0,1
823,Storage,10,5,0,1
824,Storage,10,5,0,1
825,Storage,10,5,0,1
826,Storage,10,5,0,1
827,Storage,10,5,0,1
828,Storage,10,5,0,1
829,Storage,10,5,0,1
830,Storage,25,10,0,1
831,Storage,25,10,0,1
832,Storage,25,10,0,1
833,Storage,25,10,0,1
834,Storage,25,10,0,1
835,Storage,25,10,0,1
836,Storage,10,5,0,1
837,Storage,5,5,0,1
838,Storage,10,5,0,1
839,Storage,15,10,0,1
840,Storage,15,10,0,1
841,Storage,15,10,0,1
842,Storage,15,10,0,1
843,Storage,15,10,0,1
844,Storage,15,10,0,1
845,Storage,15,10,0,1
846,Storage,15,10,0,1
847,Storage,15,10,0,1
848,Storage,15,10,0,1
849,Storage,20,10,0,1
850,Storage,20,10,0,1
851,Storage,20,10,0,1
852,Storage,20,10,0,1
853,Storage,20,10,0,1
854,Storage,20,10,0,1
855,Storage,20,10,0,1
856,Storage,20,10,0,1
857,Storage,20,10,0,1
858,Storage,20,10,0,1
859,Storage,20,10,0,1
860,Storage,20,10,0,1
861,Storage,20,10,0,1
862,Storage,20,10,0,1
863,Storage,20,10,0,1
864,Storage,20,10,0,1
865,Storage,20,15,0,1
901,Storage,10,10,0,1
902,Storage,10,10,0,1
903,Storage,10,10,0,1
904,Storage,10,10,0,1
905,Storage,10,10,0,1
906,Storage,10,10,0,1
907,Storage,10,10,0,1
908,Storage,10,10,0,1
909,Storage,10,10,0,1
910,Storage,10,10,0,1
911,Storage,10,10,0,1
912,Storage,10,10,0,1
913,Storage,10,10,0,1
914,Storage,10,10,0,1
915,Storage,10,10,0,1
916,Storage,10,10,0,1
917,Storage,10,5,0,1
918,Storage,10,5,0,1
919,Storage,20,10,0,1
920,Storage,20,10,0,1
921,Storage,20,10,0,1
922,Storage,20,10,0,1
923,Storage,10,5,0,1
924,Storage,10,5,0,1
925,Storage,10,10,0,1
926,Storage,10,10,0,1
927,Storage,10,10,0,1
928,Storage,10,10,0,1
929,Storage,10,10,0,1
930,Storage,20,10,0,1
931,Storage,20,10,0,1
932,Storage,20,10,0,1
933,Storage,10,10,0,1
934,Storage,10,10,0,1
935,Storage,10,5,0,1
936,Storage,10,5,0,1
937,Storage,10,5,0,1
938,Storage,10,5,0,1
939,Storage,10,5,0,1
940,Storage,10,5,0,1
941,Storage,10,10,0,1
942,Storage,10,5,0,1
943,Storage,10,5,0,1
944,Storage,10,10,0,1
946,Storage,15,10,0,1
947,Storage,15,10,0,1
948,Storage,10,5,0,1
949,Storage,15,5,0,1
950,Storage,15,10,0,1
951,Storage,15,10,0,1
952,Storage,15,10,0,1
953,Storage,15,10,0,1
954,Storage,15,10,0,1
955,Storage,15,10,0,1
956,Storage,15,5,0,1
957,Storage,15,5,0,1
959,Storage,15,10,0,1
960,Storage,15,10,0,1
962,Storage,15,5,0,1
963,Storage,15,5,0,1
964,Storage,15,10,0,1
965,Storage,15,10,0,1
966,Storage,15,10,0,1
967,Storage,15,10,0,1
968,Storage,15,10,0,1
969,Storage,15,10,0,1
970,Storage,15,10,0,1
